accepted_terms,largest_term,elapsed_seconds,checkpoint_file,max_least_witness,witness_count_eq_1,witness_count_le_2,witness_count_le_5,witness_count_le_10,accepted_even_density
100000,288834,5.787937499990221,checkpoint_n0100000.json.gz,712,5,6,25,53,0.6924302016397075
250000,702482,27.983245041017653,checkpoint_n0200000.json.gz,712,5,6,25,53,0.7117583418745017
500000,1379592,102.5386397910188,checkpoint_n0500000.json.gz,816,5,6,25,53,0.7248501366347972
750000,2048962,228.81914470801712,checkpoint_n0700000.json.gz,816,5,6,25,53,0.7320767608933313
1000000,2713574,389.2977066250169,checkpoint_n1000000.json.gz,1056,5,6,25,53,0.7370344328434992
